<?xml version="1.0" encoding="UTF-8"?>
<Configuration status="INFO">
    <Appenders>
        <!-- Вывод в консоль -->
        <Console name="Console" target="SYSTEM_OUT">
            <PatternLayout pattern="[%d{HH:mm:ss}] [%t] %-5level %logger{36} - %msg%n" />
        </Console>

        <!-- Логи в файл -->
        <File name="FileLog" fileName="logs/app.log" append="true">
            <PatternLayout pattern="[%d{yyyy-MM-dd HH:mm:ss}] %-5p %c{1}:%L - %m%n" />
        </File>
    </Appenders>

    <Loggers>
        <!-- Логирование твоего пакета -->
        <Logger name="com.tourlist" level="debug" additivity="false">
            <AppenderRef ref="Console" />
            <AppenderRef ref="FileLog" />
        </Logger>

        <!-- Корневой логгер (для системных сообщений) -->
        <Root level="info">
            <AppenderRef ref="Console" />
        </Root>
    </Loggers>
</Configuration>
